{
	"editor": {
		"allAngles": false,
		"entityTextureMode": false
	},
	"textureWidth": 16,
	"textureHeight": 16,
	"textureSizes": {
	},
	"textures": {
		"BonelIGHT": "D:/Desktop/VS/monst/old/BonelIGHT",
		"BoneDark4": "D:/Desktop/VS/monst/old/BoneDark",
		"wolf9": "D:/Desktop/VS/vanilla animals/wolf/wolf9",
		"BoneDark": "D:/Desktop/VS/monst/Blood/BoneDark"
	},
	"elements": [
		{
			"name": "Body",
			"from": [ 0.0, 7.0, 4.0 ], 
			"to": [ 9.0, 16.0, 7.5 ], 
			"rotationOrigin": [ 9.0, 14.0, 7.5 ],
			"faces": {
				"north": { "texture": "#skin", "uv": [ 0.0, 8.0, 9.0, 17.0 ] },
				"east": { "texture": "#skin", "uv": [ 9.0, 8.0, 12.5, 17.0 ] },
				"south": { "texture": "#skin", "uv": [ 17.0, 8.0, 26.0, 17.0 ] },
				"west": { "texture": "#skin", "uv": [ 26.0, 8.0, 29.5, 17.0 ] },
				"up": { "texture": "#skin", "uv": [ 0.0, 0.0, 9.0, 3.5 ] },
				"down": { "texture": "#skin", "uv": [ 9.0, 0.0, 18.0, 3.5 ] }
			},
			"children": [
				{
					"name": "spine",
					"from": [ 0.0, 7.5, 3.0 ], 
					"to": [ 9.0, 8.5, 4.0 ], 
					"rotationOrigin": [ 0.0, 8.0, 3.5 ],
					"faces": {
						"north": { "texture": "#BonelIGHT", "uv": [ 0.0, 0.0, 9.0, 1.0 ] },
						"east": { "texture": "#BonelIGHT", "uv": [ 0.0, 0.0, 1.0, 1.0 ] },
						"south": { "texture": "#BonelIGHT", "uv": [ 0.0, 0.0, 9.0, 1.0 ] },
						"west": { "texture": "#BonelIGHT", "uv": [ 0.0, 0.0, 1.0, 1.0 ] },
						"up": { "texture": "#BonelIGHT", "uv": [ 0.0, 0.0, 9.0, 1.0 ] },
						"down": { "texture": "#BonelIGHT", "uv": [ 0.0, 0.0, 9.0, 1.0 ] }
					},
					"children": [
						{
							"name": "rib1",
							"from": [ 0.5, 0.0, 0.5 ], 
							"to": [ 1.5, 1.0, 4.1 ], 
							"rotationOrigin": [ 1.0, 1.0, 0.5 ],
							"rotationX": 7.0,
							"faces": {
								"north": { "texture": "#BonelIGHT", "uv": [ 0.0, 0.0, 1.0, 1.0 ] },
								"east": { "texture": "#BonelIGHT", "uv": [ 0.0, 0.0, 3.5, 1.0 ] },
								"south": { "texture": "#BonelIGHT", "uv": [ 0.0, 0.0, 1.0, 1.0 ] },
								"west": { "texture": "#BonelIGHT", "uv": [ 0.0, 0.0, 3.5, 1.0 ] },
								"up": { "texture": "#BonelIGHT", "uv": [ 0.0, 0.0, 1.0, 3.5 ] },
								"down": { "texture": "#BonelIGHT", "uv": [ 0.0, 0.0, 1.0, 3.5 ] }
							},
							"children": [
								{
									"name": "Cube1",
									"from": [ 0.1, 0.1, 3.6 ], 
									"to": [ 0.9, 0.9, 7.6 ], 
									"rotationOrigin": [ 0.5, 0.9, 3.6 ],
									"rotationX": 85.0,
									"faces": {
										"north": { "texture": "#BonelIGHT", "uv": [ 0.0, 0.0, 0.5, 0.5 ] },
										"east": { "texture": "#BonelIGHT", "uv": [ 0.0, 0.0, 4.0, 0.5 ] },
										"south": { "texture": "#BonelIGHT", "uv": [ 0.0, 0.0, 0.5, 0.5 ] },
										"west": { "texture": "#BonelIGHT", "uv": [ 0.0, 0.0, 4.0, 0.5 ] },
										"up": { "texture": "#BonelIGHT", "uv": [ 0.0, 0.0, 0.5, 4.0 ] },
										"down": { "texture": "#BonelIGHT", "uv": [ 0.0, 0.0, 0.5, 4.0 ] }
									},
									"children": [
										{
											"name": "Cube51",
											"from": [ 0.1, 0.0, 4.0 ], 
											"to": [ 0.7, 0.7, 7.0 ], 
											"rotationOrigin": [ 0.5, 0.7, 4.0 ],
											"rotationX": 45.0,
											"faces": {
												"north": { "texture": "#BonelIGHT", "uv": [ 0.0, 0.0, 0.5, 0.5 ] },
												"east": { "texture": "#BonelIGHT", "uv": [ 0.0, 0.0, 3.0, 0.5 ] },
												"south": { "texture": "#BonelIGHT", "uv": [ 0.0, 0.0, 0.5, 0.5 ] },
												"west": { "texture": "#BonelIGHT", "uv": [ 0.0, 0.0, 3.0, 0.5 ] },
												"up": { "texture": "#BonelIGHT", "uv": [ 0.0, 0.0, 0.5, 3.0 ] },
												"down": { "texture": "#BonelIGHT", "uv": [ 0.0, 0.0, 0.5, 3.0 ] }
											}
										}
									]
								}
							]
						},
						{
							"name": "rib2",
							"from": [ 2.0, 0.0, 0.5 ], 
							"to": [ 3.0, 1.0, 4.0 ], 
							"rotationOrigin": [ 2.5, 1.0, 0.5 ],
							"rotationX": 9.0,
							"faces": {
								"north": { "texture": "#BonelIGHT", "uv": [ 0.0, 0.0, 1.0, 1.0 ] },
								"east": { "texture": "#BonelIGHT", "uv": [ 0.0, 0.0, 3.5, 1.0 ] },
								"south": { "texture": "#BonelIGHT", "uv": [ 0.0, 0.0, 1.0, 1.0 ] },
								"west": { "texture": "#BonelIGHT", "uv": [ 0.0, 0.0, 3.5, 1.0 ] },
								"up": { "texture": "#BonelIGHT", "uv": [ 0.0, 0.0, 1.0, 3.5 ] },
								"down": { "texture": "#BonelIGHT", "uv": [ 0.0, 0.0, 1.0, 3.5 ] }
							},
							"children": [
								{
									"name": "Cube46",
									"from": [ 0.1, 0.1, 3.5 ], 
									"to": [ 0.9, 0.9, 7.2 ], 
									"rotationOrigin": [ 0.5, 0.9, 3.5 ],
									"rotationX": 85.0,
									"faces": {
										"north": { "texture": "#BonelIGHT", "uv": [ 0.0, 0.0, 0.5, 0.5 ] },
										"east": { "texture": "#BonelIGHT", "uv": [ 0.0, 0.0, 3.5, 0.5 ] },
										"south": { "texture": "#BonelIGHT", "uv": [ 0.0, 0.0, 0.5, 0.5 ] },
										"west": { "texture": "#BonelIGHT", "uv": [ 0.0, 0.0, 3.5, 0.5 ] },
										"up": { "texture": "#BonelIGHT", "uv": [ 0.0, 0.0, 0.5, 3.5 ] },
										"down": { "texture": "#BonelIGHT", "uv": [ 0.0, 0.0, 0.5, 3.5 ] }
									},
									"children": [
										{
											"name": "Cube52",
											"from": [ 0.1, 0.0, 3.7 ], 
											"to": [ 0.7, 0.7, 6.7 ], 
											"rotationOrigin": [ 0.4, 0.7, 3.7 ],
											"rotationX": 45.0,
											"faces": {
												"north": { "texture": "#BonelIGHT", "uv": [ 0.0, 0.0, 0.5, 0.5 ] },
												"east": { "texture": "#BonelIGHT", "uv": [ 0.0, 0.0, 3.0, 0.5 ] },
												"south": { "texture": "#BonelIGHT", "uv": [ 0.0, 0.0, 0.5, 0.5 ] },
												"west": { "texture": "#BonelIGHT", "uv": [ 0.0, 0.0, 3.0, 0.5 ] },
												"up": { "texture": "#BonelIGHT", "uv": [ 0.0, 0.0, 0.5, 3.0 ] },
												"down": { "texture": "#BonelIGHT", "uv": [ 0.0, 0.0, 0.5, 3.0 ] }
											}
										}
									]
								}
							]
						},
						{
							"name": "rib3",
							"from": [ 3.5, 0.0, 0.5 ], 
							"to": [ 4.5, 1.0, 3.9 ], 
							"rotationOrigin": [ 4.0, 1.0, 0.5 ],
							"rotationX": 9.0,
							"faces": {
								"north": { "texture": "#BonelIGHT", "uv": [ 0.0, 0.0, 1.0, 1.0 ] },
								"east": { "texture": "#BonelIGHT", "uv": [ 0.0, 0.0, 3.0, 1.0 ] },
								"south": { "texture": "#BonelIGHT", "uv": [ 0.0, 0.0, 1.0, 1.0 ] },
								"west": { "texture": "#BonelIGHT", "uv": [ 0.0, 0.0, 3.0, 1.0 ] },
								"up": { "texture": "#BonelIGHT", "uv": [ 0.0, 0.0, 1.0, 3.0 ] },
								"down": { "texture": "#BonelIGHT", "uv": [ 0.0, 0.0, 1.0, 3.0 ] }
							},
							"children": [
								{
									"name": "Cube47",
									"from": [ 0.1, 0.1, 3.4 ], 
									"to": [ 0.9, 0.9, 4.6 ], 
									"rotationOrigin": [ 0.5, 0.9, 3.4 ],
									"rotationX": 85.0,
									"faces": {
										"north": { "texture": "#BonelIGHT", "uv": [ 0.0, 0.0, 0.5, 0.5 ] },
										"east": { "texture": "#BonelIGHT", "uv": [ 0.0, 0.0, 1.0, 0.5 ] },
										"south": { "texture": "#BonelIGHT", "uv": [ 0.0, 0.0, 0.5, 0.5 ] },
										"west": { "texture": "#BonelIGHT", "uv": [ 0.0, 0.0, 1.0, 0.5 ] },
										"up": { "texture": "#BonelIGHT", "uv": [ 0.0, 0.0, 0.5, 1.0 ] },
										"down": { "texture": "#BonelIGHT", "uv": [ 0.0, 0.0, 0.5, 1.0 ] }
									}
								}
							]
						},
						{
							"name": "rib4",
							"from": [ 5.0, 0.0, 0.5 ], 
							"to": [ 6.0, 1.0, 3.8 ], 
							"rotationOrigin": [ 5.5, 1.0, 0.5 ],
							"rotationX": 11.0,
							"faces": {
								"north": { "texture": "#BonelIGHT", "uv": [ 0.0, 0.0, 1.0, 1.0 ] },
								"east": { "texture": "#BonelIGHT", "uv": [ 0.0, 0.0, 3.0, 1.0 ] },
								"south": { "texture": "#BonelIGHT", "uv": [ 0.0, 0.0, 1.0, 1.0 ] },
								"west": { "texture": "#BonelIGHT", "uv": [ 0.0, 0.0, 3.0, 1.0 ] },
								"up": { "texture": "#BonelIGHT", "uv": [ 0.0, 0.0, 1.0, 3.0 ] },
								"down": { "texture": "#BonelIGHT", "uv": [ 0.0, 0.0, 1.0, 3.0 ] }
							},
							"children": [
								{
									"name": "Cube48",
									"from": [ 0.1, 0.1, 3.3 ], 
									"to": [ 0.9, 0.9, 5.2 ], 
									"rotationOrigin": [ 0.5, 0.9, 3.3 ],
									"rotationX": 85.0,
									"faces": {
										"north": { "texture": "#BonelIGHT", "uv": [ 0.0, 0.0, 0.5, 0.5 ] },
										"east": { "texture": "#BonelIGHT", "uv": [ 0.0, 0.0, 1.5, 0.5 ] },
										"south": { "texture": "#BonelIGHT", "uv": [ 0.0, 0.0, 0.5, 0.5 ] },
										"west": { "texture": "#BonelIGHT", "uv": [ 0.0, 0.0, 1.5, 0.5 ] },
										"up": { "texture": "#BonelIGHT", "uv": [ 0.0, 0.0, 0.5, 1.5 ] },
										"down": { "texture": "#BonelIGHT", "uv": [ 0.0, 0.0, 0.5, 1.5 ] }
									}
								}
							]
						},
						{
							"name": "rib5",
							"from": [ 6.5, 0.0, 0.5 ], 
							"to": [ 7.5, 1.0, 3.7 ], 
							"rotationOrigin": [ 7.0, 1.0, 0.5 ],
							"rotationX": 11.0,
							"faces": {
								"north": { "texture": "#BonelIGHT", "uv": [ 0.0, 0.0, 1.0, 1.0 ] },
								"east": { "texture": "#BonelIGHT", "uv": [ 0.0, 0.0, 3.0, 1.0 ] },
								"south": { "texture": "#BonelIGHT", "uv": [ 0.0, 0.0, 1.0, 1.0 ] },
								"west": { "texture": "#BonelIGHT", "uv": [ 0.0, 0.0, 3.0, 1.0 ] },
								"up": { "texture": "#BonelIGHT", "uv": [ 0.0, 0.0, 1.0, 3.0 ] },
								"down": { "texture": "#BonelIGHT", "uv": [ 0.0, 0.0, 1.0, 3.0 ] }
							},
							"children": [
								{
									"name": "Cube49",
									"from": [ 0.1, 0.1, 3.2 ], 
									"to": [ 0.9, 0.9, 6.2 ], 
									"rotationOrigin": [ 0.5, 0.9, 3.2 ],
									"rotationX": 85.0,
									"faces": {
										"north": { "texture": "#BonelIGHT", "uv": [ 0.0, 0.0, 0.5, 0.5 ] },
										"east": { "texture": "#BonelIGHT", "uv": [ 0.0, 0.0, 3.0, 0.5 ] },
										"south": { "texture": "#BonelIGHT", "uv": [ 0.0, 0.0, 0.5, 0.5 ] },
										"west": { "texture": "#BonelIGHT", "uv": [ 0.0, 0.0, 3.0, 0.5 ] },
										"up": { "texture": "#BonelIGHT", "uv": [ 0.0, 0.0, 0.5, 3.0 ] },
										"down": { "texture": "#BonelIGHT", "uv": [ 0.0, 0.0, 0.5, 3.0 ] }
									},
									"children": [
										{
											"name": "Cube53",
											"from": [ 0.1, 0.0, 3.0 ], 
											"to": [ 0.7, 0.7, 6.0 ], 
											"rotationOrigin": [ 0.4, 0.7, 3.0 ],
											"rotationX": 45.0,
											"faces": {
												"north": { "texture": "#BonelIGHT", "uv": [ 0.0, 0.0, 0.5, 0.5 ] },
												"east": { "texture": "#BonelIGHT", "uv": [ 0.0, 0.0, 3.0, 0.5 ] },
												"south": { "texture": "#BonelIGHT", "uv": [ 0.0, 0.0, 0.5, 0.5 ] },
												"west": { "texture": "#BonelIGHT", "uv": [ 0.0, 0.0, 3.0, 0.5 ] },
												"up": { "texture": "#BonelIGHT", "uv": [ 0.0, 0.0, 0.5, 3.0 ] },
												"down": { "texture": "#BonelIGHT", "uv": [ 0.0, 0.0, 0.5, 3.0 ] }
											}
										}
									]
								}
							]
						},
						{
							"name": "rib6",
							"from": [ 8.0, 0.0, 0.5 ], 
							"to": [ 9.0, 1.0, 3.6 ], 
							"rotationOrigin": [ 8.5, 1.0, 0.5 ],
							"rotationX": 13.0,
							"faces": {
								"north": { "texture": "#BonelIGHT", "uv": [ 0.0, 0.0, 1.0, 1.0 ] },
								"east": { "texture": "#BonelIGHT", "uv": [ 0.0, 0.0, 3.0, 1.0 ] },
								"south": { "texture": "#BonelIGHT", "uv": [ 0.0, 0.0, 1.0, 1.0 ] },
								"west": { "texture": "#BonelIGHT", "uv": [ 0.0, 0.0, 3.0, 1.0 ] },
								"up": { "texture": "#BonelIGHT", "uv": [ 0.0, 0.0, 1.0, 3.0 ] },
								"down": { "texture": "#BonelIGHT", "uv": [ 0.0, 0.0, 1.0, 3.0 ] }
							},
							"children": [
								{
									"name": "Cube50",
									"from": [ 0.1, 0.1, 3.1 ], 
									"to": [ 0.9, 0.9, 5.8 ], 
									"rotationOrigin": [ 0.5, 0.9, 3.1 ],
									"rotationX": 85.0,
									"faces": {
										"north": { "texture": "#BonelIGHT", "uv": [ 0.0, 0.0, 0.5, 0.5 ] },
										"east": { "texture": "#BonelIGHT", "uv": [ 0.0, 0.0, 2.5, 0.5 ] },
										"south": { "texture": "#BonelIGHT", "uv": [ 0.0, 0.0, 0.5, 0.5 ] },
										"west": { "texture": "#BonelIGHT", "uv": [ 0.0, 0.0, 2.5, 0.5 ] },
										"up": { "texture": "#BonelIGHT", "uv": [ 0.0, 0.0, 0.5, 2.5 ] },
										"down": { "texture": "#BonelIGHT", "uv": [ 0.0, 0.0, 0.5, 2.5 ] }
									},
									"children": [
										{
											"name": "Cube54",
											"from": [ 0.1, 0.0, 2.7 ], 
											"to": [ 0.7, 0.7, 5.7 ], 
											"rotationOrigin": [ 0.4, 0.7, 2.7 ],
											"rotationX": 45.0,
											"faces": {
												"north": { "texture": "#BonelIGHT", "uv": [ 0.0, 0.0, 0.5, 0.5 ] },
												"east": { "texture": "#BonelIGHT", "uv": [ 0.0, 0.0, 3.0, 0.5 ] },
												"south": { "texture": "#BonelIGHT", "uv": [ 0.0, 0.0, 0.5, 0.5 ] },
												"west": { "texture": "#BonelIGHT", "uv": [ 0.0, 0.0, 3.0, 0.5 ] },
												"up": { "texture": "#BonelIGHT", "uv": [ 0.0, 0.0, 0.5, 3.0 ] },
												"down": { "texture": "#BonelIGHT", "uv": [ 0.0, 0.0, 0.5, 3.0 ] }
											}
										}
									]
								}
							]
						},
						{
							"name": "Cube66",
							"from": [ 1.4, 0.3, 0.4 ], 
							"to": [ 1.9, 1.6, 0.8 ], 
							"rotationOrigin": [ 1.4, 0.3, 0.4 ],
							"rotationY": 3.0,
							"rotationZ": -5.0,
							"faces": {
								"north": { "texture": "#BonelIGHT", "uv": [ 0.0, 0.0, 0.5, 1.2813 ] },
								"east": { "texture": "#BonelIGHT", "uv": [ 0.0, 0.0, 0.375, 1.2813 ] },
								"south": { "texture": "#BonelIGHT", "uv": [ 0.0, 0.0, 0.5, 1.2813 ] },
								"west": { "texture": "#BonelIGHT", "uv": [ 0.0, 0.0, 0.375, 1.2813 ] },
								"up": { "texture": "#BonelIGHT", "uv": [ 0.0, 0.0, 0.5, 0.375 ] },
								"down": { "texture": "#BonelIGHT", "uv": [ 0.0, 0.0, 0.5, 0.375 ] }
							}
						},
						{
							"name": "Cube67",
							"from": [ 2.7, 0.3, 0.4 ], 
							"to": [ 3.2, 1.6, 0.8 ], 
							"rotationOrigin": [ 2.7, 0.3, 0.4 ],
							"rotationY": -4.0,
							"rotationZ": -19.0,
							"faces": {
								"north": { "texture": "#BonelIGHT", "uv": [ 0.0, 0.0, 0.5, 1.2813 ] },
								"east": { "texture": "#BonelIGHT", "uv": [ 0.0, 0.0, 0.375, 1.2813 ] },
								"south": { "texture": "#BonelIGHT", "uv": [ 0.0, 0.0, 0.5, 1.2813 ] },
								"west": { "texture": "#BonelIGHT", "uv": [ 0.0, 0.0, 0.375, 1.2813 ] },
								"up": { "texture": "#BonelIGHT", "uv": [ 0.0, 0.0, 0.5, 0.375 ] },
								"down": { "texture": "#BonelIGHT", "uv": [ 0.0, 0.0, 0.5, 0.375 ] }
							}
						},
						{
							"name": "Cube68",
							"from": [ 3.9, 0.3, 0.4 ], 
							"to": [ 4.4, 1.6, 0.8 ], 
							"rotationOrigin": [ 3.9, 0.3, 0.4 ],
							"rotationY": 2.0,
							"rotationZ": -7.0,
							"faces": {
								"north": { "texture": "#BonelIGHT", "uv": [ 0.0, 0.0, 0.5, 1.2813 ] },
								"east": { "texture": "#BonelIGHT", "uv": [ 0.0, 0.0, 0.375, 1.2813 ] },
								"south": { "texture": "#BonelIGHT", "uv": [ 0.0, 0.0, 0.5, 1.2813 ] },
								"west": { "texture": "#BonelIGHT", "uv": [ 0.0, 0.0, 0.375, 1.2813 ] },
								"up": { "texture": "#BonelIGHT", "uv": [ 0.0, 0.0, 0.5, 0.375 ] },
								"down": { "texture": "#BonelIGHT", "uv": [ 0.0, 0.0, 0.5, 0.375 ] }
							}
						},
						{
							"name": "Cube69",
							"from": [ 5.1, 0.3, 0.4 ], 
							"to": [ 5.6, 1.6, 0.8 ], 
							"rotationOrigin": [ 5.1, 0.3, 0.4 ],
							"rotationY": -3.0,
							"rotationZ": -12.0,
							"faces": {
								"north": { "texture": "#BonelIGHT", "uv": [ 0.0, 0.0, 0.5, 1.2813 ] },
								"east": { "texture": "#BonelIGHT", "uv": [ 0.0, 0.0, 0.375, 1.2813 ] },
								"south": { "texture": "#BonelIGHT", "uv": [ 0.0, 0.0, 0.5, 1.2813 ] },
								"west": { "texture": "#BonelIGHT", "uv": [ 0.0, 0.0, 0.375, 1.2813 ] },
								"up": { "texture": "#BonelIGHT", "uv": [ 0.0, 0.0, 0.5, 0.375 ] },
								"down": { "texture": "#BonelIGHT", "uv": [ 0.0, 0.0, 0.5, 0.375 ] }
							}
						},
						{
							"name": "Cube70",
							"from": [ 6.1, 0.3, 0.4 ], 
							"to": [ 6.6, 1.6, 0.8 ], 
							"rotationOrigin": [ 6.1, 0.3, 0.4 ],
							"rotationY": 10.0,
							"rotationZ": -6.0,
							"faces": {
								"north": { "texture": "#BonelIGHT", "uv": [ 0.0, 0.0, 0.5, 1.2813 ] },
								"east": { "texture": "#BonelIGHT", "uv": [ 0.0, 0.0, 0.375, 1.2813 ] },
								"south": { "texture": "#BonelIGHT", "uv": [ 0.0, 0.0, 0.5, 1.2813 ] },
								"west": { "texture": "#BonelIGHT", "uv": [ 0.0, 0.0, 0.375, 1.2813 ] },
								"up": { "texture": "#BonelIGHT", "uv": [ 0.0, 0.0, 0.5, 0.375 ] },
								"down": { "texture": "#BonelIGHT", "uv": [ 0.0, 0.0, 0.5, 0.375 ] }
							}
						},
						{
							"name": "Cube71",
							"from": [ 7.1, 0.3, 0.4 ], 
							"to": [ 7.6, 1.6, 0.8 ], 
							"rotationOrigin": [ 7.1, 0.3, 0.4 ],
							"rotationY": -4.0,
							"rotationZ": -19.0,
							"faces": {
								"north": { "texture": "#BonelIGHT", "uv": [ 0.0, 0.0, 0.5, 1.2813 ] },
								"east": { "texture": "#BonelIGHT", "uv": [ 0.0, 0.0, 0.375, 1.2813 ] },
								"south": { "texture": "#BonelIGHT", "uv": [ 0.0, 0.0, 0.5, 1.2813 ] },
								"west": { "texture": "#BonelIGHT", "uv": [ 0.0, 0.0, 0.375, 1.2813 ] },
								"up": { "texture": "#BonelIGHT", "uv": [ 0.0, 0.0, 0.5, 0.375 ] },
								"down": { "texture": "#BonelIGHT", "uv": [ 0.0, 0.0, 0.5, 0.375 ] }
							}
						},
						{
							"name": "Cube72",
							"from": [ 8.3, 0.3, 0.4 ], 
							"to": [ 8.8, 1.6, 0.8 ], 
							"rotationOrigin": [ 8.3, 0.3, 0.4 ],
							"rotationY": 11.0,
							"rotationZ": -10.0,
							"faces": {
								"north": { "texture": "#BonelIGHT", "uv": [ 0.0, 0.0, 0.5, 1.2813 ] },
								"east": { "texture": "#BonelIGHT", "uv": [ 0.0, 0.0, 0.375, 1.2813 ] },
								"south": { "texture": "#BonelIGHT", "uv": [ 0.0, 0.0, 0.5, 1.2813 ] },
								"west": { "texture": "#BonelIGHT", "uv": [ 0.0, 0.0, 0.375, 1.2813 ] },
								"up": { "texture": "#BonelIGHT", "uv": [ 0.0, 0.0, 0.5, 0.375 ] },
								"down": { "texture": "#BonelIGHT", "uv": [ 0.0, 0.0, 0.5, 0.375 ] }
							}
						}
					]
				},
				{
					"name": "abdomen",
					"from": [ 9.0, 1.6, 1.4 ], 
					"to": [ 17.0, 8.6, 5.4 ], 
					"rotationOrigin": [ 9.0, 7.6, 3.4 ],
					"faces": {
						"north": { "texture": "#null", "uv": [ 0.0, 0.0, 8.0, 7.0 ] },
						"east": { "texture": "#null", "uv": [ 0.0, 0.0, 4.0, 7.0 ] },
						"south": { "texture": "#null", "uv": [ 0.0, 0.0, 8.0, 7.0 ] },
						"west": { "texture": "#null", "uv": [ 0.0, 0.0, 4.0, 7.0 ] },
						"up": { "texture": "#null", "uv": [ 0.0, 0.0, 8.0, 4.0 ] },
						"down": { "texture": "#null", "uv": [ 0.0, 0.0, 8.0, 4.0 ] }
					},
					"children": [
						{
							"name": "Cube22",
							"from": [ 0.0, 3.0, 4.0 ], 
							"to": [ 8.0, 7.0, 5.0 ], 
							"rotationOrigin": [ 0.0, 3.0, 4.0 ],
							"faces": {
								"north": { "texture": "#null", "uv": [ 0.0, 0.0, 8.0, 4.0 ] },
								"east": { "texture": "#null", "uv": [ 0.0, 0.0, 1.0, 4.0 ] },
								"south": { "texture": "#null", "uv": [ 0.0, 0.0, 8.0, 4.0 ] },
								"west": { "texture": "#null", "uv": [ 0.0, 0.0, 1.0, 4.0 ] },
								"up": { "texture": "#null", "uv": [ 0.0, 0.0, 8.0, 1.0 ] },
								"down": { "texture": "#null", "uv": [ 0.0, 0.0, 8.0, 1.0 ] }
							}
						},
						{
							"name": "tail",
							"from": [ 6.7838, 4.15, 1.6 ], 
							"to": [ 11.7838, 6.15, 3.6 ], 
							"rotationOrigin": [ 8.7838, 5.1511, 2.6 ],
							"rotationZ": -14.999999020246424,
							"faces": {
								"north": { "texture": "#skin", "uv": [ 27.0, 2.0, 32.0, 4.0 ] },
								"east": { "texture": "#skin", "uv": [ 32.0, 2.0, 34.0, 4.0 ] },
								"south": { "texture": "#skin", "uv": [ 34.0, 2.0, 39.0, 4.0 ] },
								"west": { "texture": "#skin", "uv": [ 39.0, 2.0, 41.0, 4.0 ] },
								"up": { "texture": "#skin", "uv": [ 27.0, 0.0, 32.0, 2.0 ] },
								"down": { "texture": "#skin", "uv": [ 32.0, 0.0, 37.0, 2.0 ] }
							},
							"children": [
								{
									"name": "tail end",
									"from": [ 4.0, -0.5, -0.5 ], 
									"to": [ 11.0, 2.5, 2.5 ], 
									"rotationOrigin": [ 5.0, 1.5, 1.5 ],
									"rotationZ": 10.0,
									"faces": {
										"north": { "texture": "#skin", "uv": [ 44.0, 3.0, 51.0, 6.0 ] },
										"east": { "texture": "#skin", "uv": [ 51.0, 3.0, 54.0, 6.0 ] },
										"south": { "texture": "#skin", "uv": [ 54.0, 3.0, 61.0, 6.0 ] },
										"west": { "texture": "#skin", "uv": [ 61.0, 3.0, 64.0, 6.0 ] },
										"up": { "texture": "#skin", "uv": [ 44.0, 0.0, 51.0, 3.0 ] },
										"down": { "texture": "#skin", "uv": [ 51.0, 0.0, 58.0, 3.0 ] }
									}
								}
							]
						},
						{
							"name": "Cube60",
							"from": [ 3.5, 0.5, 4.0 ], 
							"to": [ 7.5, 3.0, 4.5 ], 
							"rotationOrigin": [ 3.5, 0.5, 4.0 ],
							"faces": {
								"north": { "texture": "#BoneDark", "uv": [ 0.0, 0.0, 4.0, 2.5 ] },
								"east": { "texture": "#BoneDark", "uv": [ 0.0, 0.0, 0.5, 2.5 ] },
								"south": { "texture": "#BoneDark", "uv": [ 0.0, 0.0, 4.0, 2.5 ] },
								"west": { "texture": "#BoneDark", "uv": [ 0.0, 0.0, 0.5, 2.5 ] },
								"up": { "texture": "#BoneDark", "uv": [ 0.0, 0.0, 4.0, 0.5 ] },
								"down": { "texture": "#BoneDark", "uv": [ 0.0, 0.0, 4.0, 0.5 ] }
							},
							"children": [
								{
									"name": "Cube62",
									"from": [ 2.0, 0.2, 0.0 ], 
									"to": [ 3.7, 2.5, 0.8 ], 
									"rotationOrigin": [ 2.0, 0.2, 0.0 ],
									"faces": {
										"north": { "texture": "#BoneDark", "uv": [ 0.0, 0.0, 1.5, 2.0 ] },
										"east": { "texture": "#BoneDark", "uv": [ 0.0, 0.0, 0.5, 2.0 ] },
										"south": { "texture": "#BoneDark", "uv": [ 0.0, 0.0, 1.5, 2.0 ] },
										"west": { "texture": "#BoneDark", "uv": [ 0.0, 0.0, 0.5, 2.0 ] },
										"up": { "texture": "#BoneDark", "uv": [ 0.0, 0.0, 1.5, 0.5 ] },
										"down": { "texture": "#BoneDark", "uv": [ 0.0, 0.0, 1.5, 0.5 ] }
									}
								},
								{
									"name": "Cube63",
									"from": [ 0.6, 1.2, 0.0 ], 
									"to": [ 2.0, 2.5, 0.7 ], 
									"rotationOrigin": [ 0.6, 1.2, 0.0 ],
									"faces": {
										"north": { "texture": "#BoneDark", "uv": [ 0.0, 0.0, 1.0, 1.0 ] },
										"east": { "texture": "#BoneDark", "uv": [ 0.0, 0.0, 0.5, 1.0 ] },
										"south": { "texture": "#BoneDark", "uv": [ 0.0, 0.0, 1.0, 1.0 ] },
										"west": { "texture": "#BoneDark", "uv": [ 0.0, 0.0, 0.5, 1.0 ] },
										"up": { "texture": "#BoneDark", "uv": [ 0.0, 0.0, 1.0, 0.5 ] },
										"down": { "texture": "#BoneDark", "uv": [ 0.0, 0.0, 1.0, 0.5 ] }
									}
								}
							]
						},
						{
							"name": "Cube61",
							"from": [ 0.5, 1.0, 4.0 ], 
							"to": [ 3.5, 3.0, 4.2 ], 
							"rotationOrigin": [ 0.5, 1.0, 4.0 ],
							"faces": {
								"north": { "texture": "#BoneDark", "uv": [ 0.0, 0.0, 3.0, 2.0 ] },
								"east": { "texture": "#BoneDark", "uv": [ 0.0, 0.0, 0.5, 2.0 ] },
								"south": { "texture": "#BoneDark", "uv": [ 0.0, 0.0, 3.0, 2.0 ] },
								"west": { "texture": "#BoneDark", "uv": [ 0.0, 0.0, 0.5, 2.0 ] },
								"up": { "texture": "#BoneDark", "uv": [ 0.0, 0.0, 3.0, 0.5 ] },
								"down": { "texture": "#BoneDark", "uv": [ 0.0, 0.0, 3.0, 0.5 ] }
							}
						},
						{
							"name": "right back leg63",
							"from": [ 3.5586, -2.4425, -1.4 ], 
							"to": [ 7.5586, 5.5575, 1.6 ], 
							"rotationOrigin": [ 5.5586, 2.0575, 0.1 ],
							"rotationZ": 9.999998643058069,
							"faces": {
								"north": { "texture": "#skin", "uv": [ 36.0, 36.0, 40.0, 44.0 ] },
								"east": { "texture": "#skin", "uv": [ 40.0, 36.0, 43.0, 44.0 ] },
								"south": { "texture": "#skin", "uv": [ 43.0, 36.0, 47.0, 44.0 ] },
								"west": { "texture": "#skin", "uv": [ 47.0, 36.0, 50.0, 44.0 ] },
								"up": { "texture": "#skin", "uv": [ 36.0, 33.0, 40.0, 36.0 ] },
								"down": { "texture": "#skin", "uv": [ 40.0, 33.0, 44.0, 36.0 ] }
							},
							"children": [
								{
									"name": "right leg back end64",
									"from": [ 0.6, -6.2, 0.1 ], 
									"to": [ 3.4, 1.8, 2.9 ], 
									"rotationOrigin": [ 2.0, 0.0, 1.5 ],
									"rotationZ": -12.0,
									"faces": {
										"north": { "texture": "#skin", "uv": [ 53.0, 36.0, 55.5, 44.0 ] },
										"east": { "texture": "#skin", "uv": [ 56.0, 36.0, 58.5, 44.0 ] },
										"south": { "texture": "#skin", "uv": [ 58.5, 36.0, 61.0, 44.0 ] },
										"west": { "texture": "#skin", "uv": [ 61.5, 36.0, 64.0, 44.0 ] },
										"up": { "texture": "#skin", "uv": [ 53.0, 33.0, 55.5, 35.5 ] },
										"down": { "texture": "#skin", "uv": [ 56.0, 33.0, 58.5, 35.5 ] }
									}
								}
							]
						},
						{
							"name": "left back leg67",
							"from": [ 3.5586, -2.4425, 3.6 ], 
							"to": [ 7.5586, 5.5575, 5.1 ], 
							"rotationOrigin": [ 5.5586, 2.0575, 5.1 ],
							"rotationZ": 9.999998643058069,
							"faces": {
								"north": { "texture": "#skin", "uv": [ 36.0, 48.0, 40.0, 56.0 ] },
								"east": { "texture": "#skin", "uv": [ 40.0, 48.0, 41.5, 56.0 ] },
								"south": { "texture": "#skin", "uv": [ 43.0, 48.0, 47.0, 56.0 ] },
								"west": { "texture": "#skin", "uv": [ 47.0, 48.0, 48.5, 56.0 ] },
								"up": { "texture": "#skin", "uv": [ 36.0, 45.0, 40.0, 46.5 ] },
								"down": { "texture": "#skin", "uv": [ 40.0, 45.0, 44.0, 46.5 ] }
							},
							"children": [
								{
									"name": "left leg back end68",
									"from": [ 0.6, -6.2, 0.1 ], 
									"to": [ 3.4, 1.8, 2.9 ], 
									"rotationOrigin": [ 2.0, 0.0, 1.5 ],
									"rotationZ": -12.0,
									"faces": {
										"north": { "texture": "#skin", "uv": [ 53.0, 48.0, 55.5, 56.0 ] },
										"east": { "texture": "#skin", "uv": [ 56.0, 48.0, 58.5, 56.0 ] },
										"south": { "texture": "#skin", "uv": [ 58.5, 48.0, 61.0, 56.0 ] },
										"west": { "texture": "#skin", "uv": [ 61.5, 48.0, 64.0, 56.0 ] },
										"up": { "texture": "#skin", "uv": [ 53.0, 45.0, 55.5, 47.5 ] },
										"down": { "texture": "#skin", "uv": [ 56.0, 45.0, 58.5, 47.5 ] }
									}
								},
								{
									"name": "Cube73",
									"from": [ 2.5, 0.1, 1.5 ], 
									"to": [ 3.8, 5.8, 3.0 ], 
									"rotationOrigin": [ 2.5, 0.1, 1.5 ],
									"faces": {
										"north": { "texture": "#BonelIGHT", "uv": [ 0.0, 0.0, 1.2813, 5.6875 ] },
										"east": { "texture": "#BonelIGHT", "uv": [ 0.0, 0.0, 1.5, 5.6875 ] },
										"south": { "texture": "#BonelIGHT", "uv": [ 0.0, 0.0, 1.2813, 5.6875 ] },
										"west": { "texture": "#BonelIGHT", "uv": [ 0.0, 0.0, 1.5, 5.6875 ] },
										"up": { "texture": "#BonelIGHT", "uv": [ 0.0, 0.0, 1.2813, 1.5 ] },
										"down": { "texture": "#BonelIGHT", "uv": [ 0.0, 0.0, 1.2813, 1.5 ] }
									}
								},
								{
									"name": "Cube74",
									"from": [ 0.4, 5.8, 1.2 ], 
									"to": [ 3.6, 7.7, 2.2 ], 
									"rotationOrigin": [ 0.4, 5.8, 1.2 ],
									"faces": {
										"north": { "texture": "#BoneDark", "uv": [ 0.0, 0.0, 3.1875, 1.875 ] },
										"east": { "texture": "#BoneDark", "uv": [ 0.0, 0.0, 1.0, 1.875 ] },
										"south": { "texture": "#BoneDark", "uv": [ 0.0, 0.0, 3.1875, 1.875 ] },
										"west": { "texture": "#BoneDark", "uv": [ 0.0, 0.0, 1.0, 1.875 ] },
										"up": { "texture": "#BoneDark", "uv": [ 0.0, 0.0, 3.1875, 1.0 ] },
										"down": { "texture": "#BoneDark", "uv": [ 0.0, 0.0, 3.1875, 1.0 ] }
									},
									"children": [
										{
											"name": "Cube75",
											"from": [ 0.0, -5.0, 0.0 ], 
											"to": [ 2.2, 0.0, 1.0 ], 
											"rotationOrigin": [ 0.0, -5.0, 0.0 ],
											"faces": {
												"north": { "texture": "#BoneDark", "uv": [ 0.0, 0.0, 2.1875, 5.0 ] },
												"east": { "texture": "#BoneDark", "uv": [ 0.0, 0.0, 1.0, 5.0 ] },
												"south": { "texture": "#BoneDark", "uv": [ 0.0, 0.0, 2.1875, 5.0 ] },
												"west": { "texture": "#BoneDark", "uv": [ 0.0, 0.0, 1.0, 5.0 ] },
												"up": { "texture": "#BoneDark", "uv": [ 0.0, 0.0, 2.1875, 1.0 ] },
												"down": { "texture": "#BoneDark", "uv": [ 0.0, 0.0, 2.1875, 1.0 ] }
											}
										}
									]
								}
							]
						}
					]
				},
				{
					"name": "neck",
					"from": [ -5.0, 1.8, 1.0 ], 
					"to": [ 1.0, 8.8, 5.0 ], 
					"rotationOrigin": [ 0.0, 5.7, 4.0 ],
					"rotationZ": -10.0,
					"faces": {
						"north": { "texture": "#null", "uv": [ 0.0, 0.0, 6.0, 7.0 ] },
						"east": { "texture": "#null", "uv": [ 0.0, 0.0, 4.0, 7.0 ] },
						"south": { "texture": "#null", "uv": [ 0.0, 0.0, 6.0, 7.0 ] },
						"west": { "texture": "#null", "uv": [ 0.0, 0.0, 4.0, 7.0 ] },
						"up": { "texture": "#null", "uv": [ 0.0, 0.0, 6.0, 4.0 ] },
						"down": { "texture": "#null", "uv": [ 0.0, 0.0, 6.0, 4.0 ] }
					},
					"children": [
						{
							"name": "Cube24",
							"from": [ 0.0, 4.0, 4.0 ], 
							"to": [ 5.0, 7.0, 6.0 ], 
							"rotationOrigin": [ 0.0, 4.0, 4.0 ],
							"faces": {
								"north": { "texture": "#null", "uv": [ 0.0, 0.0, 5.0, 3.0 ] },
								"east": { "texture": "#null", "uv": [ 0.0, 0.0, 2.0, 3.0 ] },
								"south": { "texture": "#null", "uv": [ 0.0, 0.0, 5.0, 3.0 ] },
								"west": { "texture": "#null", "uv": [ 0.0, 0.0, 2.0, 3.0 ] },
								"up": { "texture": "#null", "uv": [ 0.0, 0.0, 5.0, 2.0 ] },
								"down": { "texture": "#null", "uv": [ 0.0, 0.0, 5.0, 2.0 ] }
							}
						},
						{
							"name": "head25",
							"from": [ -3.22, 0.8736, -0.1 ], 
							"to": [ 1.78, 6.8736, 4.1 ], 
							"rotationOrigin": [ 0.78, 3.8736, 2.9 ],
							"rotationZ": 29.999998371218535,
							"faces": {
								"north": { "texture": "#wolf9", "uv": [ 5.75, 7.75, 10.75, 13.75 ] },
								"east": { "texture": "#wolf9", "uv": [ 5.25, 5.875, 9.375, 11.875 ] },
								"south": { "texture": "#wolf9", "uv": [ 5.625, 8.5, 10.625, 14.5 ] },
								"west": { "texture": "#wolf9", "uv": [ 4.0, 14.5, 4.9, 15.98 ], "autoUv": false },
								"up": { "texture": "#wolf9", "uv": [ 0.0, 52.0, 5.0, 56.125 ] },
								"down": { "texture": "#wolf9", "uv": [ 5.0, 50.0, 8.75, 53.425 ], "autoUv": false }
							},
							"children": [
								{
									"name": "mouth up26",
									"from": [ -4.0, 2.1, 1.5 ], 
									"to": [ 2.0, 3.1, 4.5 ], 
									"rotationOrigin": [ 1.0, 3.1, 3.0 ],
									"rotationZ": 7.0,
									"faces": {
										"north": { "texture": "#wolf9", "uv": [ 32.0, 62.0, 38.0, 63.0 ] },
										"east": { "texture": "#wolf9", "uv": [ 6.0, 3.0, 9.0, 4.0 ], "enabled": false },
										"south": { "texture": "#wolf9", "uv": [ 38.0, 62.0, 44.0, 63.0 ] },
										"west": { "texture": "#wolf9", "uv": [ 44.0, 62.0, 47.0, 63.0 ] },
										"up": { "texture": "#wolf9", "uv": [ 32.0, 59.0, 38.0, 62.0 ] },
										"down": { "texture": "#wolf9", "uv": [ 38.0, 59.0, 44.0, 62.0 ] }
									},
									"children": [
										{
											"name": "jaw27",
											"from": [ 0.3, -0.8, 0.5 ], 
											"to": [ 6.3, 0.2, 2.5 ], 
											"rotationOrigin": [ 5.3, -0.3, 1.5 ],
											"rotationZ": 5.0,
											"faces": {
												"north": { "texture": "#wolf9", "uv": [ 50.0, 63.0, 56.0, 64.0 ] },
												"east": { "texture": "#wolf9", "uv": [ 6.0, 2.0, 8.0, 3.0 ], "enabled": false },
												"south": { "texture": "#wolf9", "uv": [ 56.0, 63.0, 62.0, 64.0 ] },
												"west": { "texture": "#wolf9", "uv": [ 62.0, 63.0, 64.0, 64.0 ] },
												"up": { "texture": "#wolf9", "uv": [ 50.0, 61.0, 56.0, 63.0 ] },
												"down": { "texture": "#wolf9", "uv": [ 56.0, 61.0, 62.0, 63.0 ] }
											}
										},
										{
											"name": "Cube36",
											"from": [ 0.0, 1.0, 0.0 ], 
											"to": [ 5.0, 2.0, 1.5 ], 
											"rotationOrigin": [ 0.0, 1.0, 0.0 ],
											"faces": {
												"north": { "texture": "#wolf9", "uv": [ 0.0, 0.0, 5.0, 1.0 ] },
												"east": { "texture": "#wolf9", "uv": [ 0.0, 0.0, 1.5, 1.0 ] },
												"south": { "texture": "#wolf9", "uv": [ 0.0, 0.0, 5.0, 1.0 ] },
												"west": { "texture": "#wolf9", "uv": [ 0.0, 0.0, 1.5, 1.0 ] },
												"up": { "texture": "#wolf9", "uv": [ 0.0, 0.0, 5.0, 1.5 ] },
												"down": { "texture": "#wolf9", "uv": [ 0.0, 0.0, 5.0, 1.5 ] }
											}
										},
										{
											"name": "Cube37",
											"from": [ 0.2, 0.9, 1.0 ], 
											"to": [ 4.6, 1.9, 2.9 ], 
											"rotationOrigin": [ 0.2, 0.9, 1.0 ],
											"faces": {
												"north": { "texture": "#BonelIGHT", "uv": [ 0.0, 0.0, 4.0, 1.0 ] },
												"east": { "texture": "#BonelIGHT", "uv": [ 0.0, 0.0, 1.5, 1.0 ] },
												"south": { "texture": "#BonelIGHT", "uv": [ 0.0, 0.0, 4.0, 1.0 ] },
												"west": { "texture": "#BonelIGHT", "uv": [ 0.0, 0.0, 1.5, 1.0 ] },
												"up": { "texture": "#BonelIGHT", "uv": [ 0.0, 0.0, 4.0, 1.5 ] },
												"down": { "texture": "#BonelIGHT", "uv": [ 0.0, 0.0, 4.0, 1.5 ] }
											}
										}
									]
								},
								{
									"name": "right ear29",
									"from": [ 3.0, 4.0, 0.0 ], 
									"to": [ 4.0, 8.0, 2.0 ], 
									"rotationOrigin": [ 3.5, 4.0, 1.0 ],
									"rotationX": -22.5,
									"faces": {
										"north": { "texture": "#wolf9", "uv": [ 25.0, 46.0, 26.0, 50.0 ] },
										"east": { "texture": "#wolf9", "uv": [ 26.0, 46.0, 28.0, 50.0 ] },
										"south": { "texture": "#wolf9", "uv": [ 28.0, 46.0, 29.0, 50.0 ] },
										"west": { "texture": "#wolf9", "uv": [ 29.0, 46.0, 31.0, 50.0 ] },
										"up": { "texture": "#wolf9", "uv": [ 25.0, 44.0, 26.0, 46.0 ] },
										"down": { "texture": "#wolf9", "uv": [ 26.0, 44.0, 27.0, 46.0 ] }
									}
								},
								{
									"name": "Cube30",
									"from": [ 0.4, 5.0, 3.9 ], 
									"to": [ 4.9, 5.8, 5.9 ], 
									"rotationOrigin": [ 0.4, 5.0, 3.9 ],
									"faces": {
										"north": { "texture": "#BonelIGHT", "uv": [ 0.0, 0.0, 4.5, 0.5 ] },
										"east": { "texture": "#BonelIGHT", "uv": [ 0.0, 0.0, 2.0, 0.5 ] },
										"south": { "texture": "#BonelIGHT", "uv": [ 0.0, 0.0, 4.5, 0.5 ] },
										"west": { "texture": "#BonelIGHT", "uv": [ 0.0, 0.0, 2.0, 0.5 ] },
										"up": { "texture": "#BonelIGHT", "uv": [ 0.0, 0.0, 4.5, 2.0 ] },
										"down": { "texture": "#BonelIGHT", "uv": [ 0.0, 0.0, 4.5, 2.0 ] }
									}
								},
								{
									"name": "Cube32",
									"from": [ 0.3, 1.0, 4.0 ], 
									"to": [ 4.9, 4.0, 4.4 ], 
									"rotationOrigin": [ 0.3, 1.0, 4.0 ],
									"faces": {
										"north": { "texture": "#BonelIGHT", "uv": [ 0.0, 0.0, 4.5, 3.0 ] },
										"east": { "texture": "#BonelIGHT", "uv": [ 0.0, 0.0, 0.5, 3.0 ] },
										"south": { "texture": "#BonelIGHT", "uv": [ 0.0, 0.0, 4.5, 3.0 ] },
										"west": { "texture": "#BonelIGHT", "uv": [ 0.0, 0.0, 0.5, 3.0 ] },
										"up": { "texture": "#BonelIGHT", "uv": [ 0.0, 0.0, 4.5, 0.5 ] },
										"down": { "texture": "#BonelIGHT", "uv": [ 0.0, 0.0, 4.5, 0.5 ] }
									}
								},
								{
									"name": "Cube33",
									"from": [ 1.0, 4.0, 4.2 ], 
									"to": [ 2.0, 5.0, 5.7 ], 
									"rotationOrigin": [ 1.0, 4.0, 4.2 ],
									"faces": {
										"north": { "texture": "#BoneDark4", "uv": [ 0.0, 0.0, 1.0, 1.0 ] },
										"east": { "texture": "#BoneDark4", "uv": [ 0.0, 0.0, 1.5, 1.0 ] },
										"south": { "texture": "#BoneDark4", "uv": [ 0.0, 0.0, 1.0, 1.0 ] },
										"west": { "texture": "#BoneDark4", "uv": [ 0.0, 0.0, 1.5, 1.0 ] },
										"up": { "texture": "#BoneDark4", "uv": [ 0.0, 0.0, 1.0, 1.5 ] },
										"down": { "texture": "#BoneDark4", "uv": [ 0.0, 0.0, 1.0, 1.5 ] }
									}
								},
								{
									"name": "Cube34",
									"from": [ 0.3, 4.0, 5.7 ], 
									"to": [ 4.9, 5.0, 5.9 ], 
									"rotationOrigin": [ 0.3, 4.0, 5.7 ],
									"faces": {
										"north": { "texture": "#BonelIGHT", "uv": [ 0.0, 0.0, 4.5, 1.0 ] },
										"east": { "texture": "#BonelIGHT", "uv": [ 0.0, 0.0, 0.5, 1.0 ] },
										"south": { "texture": "#BonelIGHT", "uv": [ 0.0, 0.0, 4.5, 1.0 ] },
										"west": { "texture": "#BonelIGHT", "uv": [ 0.0, 0.0, 0.5, 1.0 ] },
										"up": { "texture": "#BonelIGHT", "uv": [ 0.0, 0.0, 4.5, 0.5 ] },
										"down": { "texture": "#BonelIGHT", "uv": [ 0.0, 0.0, 4.5, 0.5 ] }
									}
								},
								{
									"name": "Cube35",
									"from": [ 0.2, 1.5, 4.0 ], 
									"to": [ 4.7, 4.0, 5.7 ], 
									"rotationOrigin": [ 0.2, 1.5, 4.0 ],
									"faces": {
										"north": { "texture": "#BonelIGHT", "uv": [ 0.0, 0.0, 4.5, 2.5 ] },
										"east": { "texture": "#BonelIGHT", "uv": [ 0.0, 0.0, 1.5, 2.5 ] },
										"south": { "texture": "#BonelIGHT", "uv": [ 0.0, 0.0, 4.5, 2.5 ] },
										"west": { "texture": "#BonelIGHT", "uv": [ 0.0, 0.0, 1.5, 2.5 ] },
										"up": { "texture": "#BonelIGHT", "uv": [ 0.0, 0.0, 4.5, 1.5 ] },
										"down": { "texture": "#BonelIGHT", "uv": [ 0.0, 0.0, 4.5, 1.5 ] }
									}
								}
							]
						},
						{
							"name": "Cube64",
							"from": [ 0.0, 1.0, 4.0 ], 
							"to": [ 5.5, 4.0, 5.0 ], 
							"rotationOrigin": [ 0.0, 1.0, 4.0 ],
							"faces": {
								"north": { "texture": "#BoneDark", "uv": [ 0.0, 0.0, 5.5, 3.0 ] },
								"east": { "texture": "#BoneDark", "uv": [ 0.0, 0.0, 1.0, 3.0 ] },
								"south": { "texture": "#BoneDark", "uv": [ 0.0, 0.0, 5.5, 3.0 ] },
								"west": { "texture": "#BoneDark", "uv": [ 0.0, 0.0, 1.0, 3.0 ] },
								"up": { "texture": "#BoneDark", "uv": [ 0.0, 0.0, 5.5, 1.0 ] },
								"down": { "texture": "#BoneDark", "uv": [ 0.0, 0.0, 5.5, 1.0 ] }
							}
						}
					]
				},
				{
					"name": "Cube55",
					"from": [ 0.0, 3.0, 3.5 ], 
					"to": [ 6.0, 7.6, 4.5 ], 
					"rotationOrigin": [ 0.0, 3.0, 3.5 ],
					"faces": {
						"north": { "texture": "#BoneDark", "uv": [ 0.0, 0.0, 6.0, 4.5 ] },
						"east": { "texture": "#BoneDark", "uv": [ 0.0, 0.0, 1.0, 4.5 ] },
						"south": { "texture": "#BoneDark", "uv": [ 0.0, 0.0, 6.0, 4.5 ] },
						"west": { "texture": "#BoneDark", "uv": [ 0.0, 0.0, 1.0, 4.5 ] },
						"up": { "texture": "#BoneDark", "uv": [ 0.0, 0.0, 6.0, 1.0 ] },
						"down": { "texture": "#BoneDark", "uv": [ 0.0, 0.0, 6.0, 1.0 ] }
					},
					"children": [
						{
							"name": "Cube56",
							"from": [ 0.0, 0.5, 1.0 ], 
							"to": [ 3.3, 4.3, 2.0 ], 
							"rotationOrigin": [ 0.0, 0.5, 1.0 ],
							"faces": {
								"north": { "texture": "#BoneDark", "uv": [ 0.0, 0.0, 3.0, 3.5 ] },
								"east": { "texture": "#BoneDark", "uv": [ 0.0, 0.0, 1.0, 3.5 ] },
								"south": { "texture": "#BoneDark", "uv": [ 0.0, 0.0, 3.0, 3.5 ] },
								"west": { "texture": "#BoneDark", "uv": [ 0.0, 0.0, 1.0, 3.5 ] },
								"up": { "texture": "#BoneDark", "uv": [ 0.0, 0.0, 3.0, 1.0 ] },
								"down": { "texture": "#BoneDark", "uv": [ 0.0, 0.0, 3.0, 1.0 ] }
							},
							"children": [
								{
									"name": "Cube58",
									"from": [ 3.3, 2.7, 0.0 ], 
									"to": [ 6.5, 3.8, 0.8 ], 
									"rotationOrigin": [ 3.3, 2.7, 0.0 ],
									"faces": {
										"north": { "texture": "#BoneDark", "uv": [ 0.0, 0.0, 3.0, 1.0 ] },
										"east": { "texture": "#BoneDark", "uv": [ 0.0, 0.0, 0.5, 1.0 ] },
										"south": { "texture": "#BoneDark", "uv": [ 0.0, 0.0, 3.0, 1.0 ] },
										"west": { "texture": "#BoneDark", "uv": [ 0.0, 0.0, 0.5, 1.0 ] },
										"up": { "texture": "#BoneDark", "uv": [ 0.0, 0.0, 3.0, 0.5 ] },
										"down": { "texture": "#BoneDark", "uv": [ 0.0, 0.0, 3.0, 0.5 ] }
									},
									"children": [
										{
											"name": "Cube59",
											"from": [ 3.2, -1.3, 0.0 ], 
											"to": [ 6.0, 1.2, 1.0 ], 
											"rotationOrigin": [ 3.2, -1.3, 0.0 ],
											"faces": {
												"north": { "texture": "#BoneDark", "uv": [ 0.0, 0.0, 2.5, 2.5 ] },
												"east": { "texture": "#BoneDark", "uv": [ 0.0, 0.0, 1.0, 2.5 ] },
												"south": { "texture": "#BoneDark", "uv": [ 0.0, 0.0, 2.5, 2.5 ] },
												"west": { "texture": "#BoneDark", "uv": [ 0.0, 0.0, 1.0, 2.5 ] },
												"up": { "texture": "#BoneDark", "uv": [ 0.0, 0.0, 2.5, 1.0 ] },
												"down": { "texture": "#BoneDark", "uv": [ 0.0, 0.0, 2.5, 1.0 ] }
											}
										}
									]
								}
							]
						},
						{
							"name": "Cube57",
							"from": [ 6.0, 1.2, 0.0 ], 
							"to": [ 9.0, 4.2, 1.0 ], 
							"rotationOrigin": [ 6.0, 1.2, 0.0 ],
							"faces": {
								"north": { "texture": "#BoneDark", "uv": [ 0.0, 0.0, 3.0, 3.0 ] },
								"east": { "texture": "#BoneDark", "uv": [ 0.0, 0.0, 1.0, 3.0 ] },
								"south": { "texture": "#BoneDark", "uv": [ 0.0, 0.0, 3.0, 3.0 ] },
								"west": { "texture": "#BoneDark", "uv": [ 0.0, 0.0, 1.0, 3.0 ] },
								"up": { "texture": "#BoneDark", "uv": [ 0.0, 0.0, 3.0, 1.0 ] },
								"down": { "texture": "#BoneDark", "uv": [ 0.0, 0.0, 3.0, 1.0 ] }
							}
						}
					]
				},
				{
					"name": "right leg65",
					"from": [ 1.0, -2.0, 0.4 ], 
					"to": [ 4.0, 5.0, 3.4 ], 
					"rotationOrigin": [ 2.5, 3.0, 1.9 ],
					"rotationZ": 4.999999821399809,
					"faces": {
						"north": { "texture": "#skin", "uv": [ 38.0, 23.0, 41.0, 30.0 ] },
						"east": { "texture": "#skin", "uv": [ 41.0, 23.0, 44.0, 30.0 ] },
						"south": { "texture": "#skin", "uv": [ 44.0, 23.0, 47.0, 30.0 ] },
						"west": { "texture": "#skin", "uv": [ 47.0, 23.0, 50.0, 30.0 ] },
						"up": { "texture": "#skin", "uv": [ 38.0, 20.0, 41.0, 23.0 ] },
						"down": { "texture": "#skin", "uv": [ 41.0, 20.0, 44.0, 23.0 ] }
					},
					"children": [
						{
							"name": "right leg end66",
							"from": [ 0.1, -5.0, 0.1 ], 
							"to": [ 2.9, 1.0, 2.9 ], 
							"rotationOrigin": [ 1.5, 0.0, 1.5 ],
							"rotationZ": -5.0,
							"faces": {
								"north": { "texture": "#skin", "uv": [ 53.0, 23.0, 55.5, 29.0 ] },
								"east": { "texture": "#skin", "uv": [ 56.0, 23.0, 58.5, 29.0 ] },
								"south": { "texture": "#skin", "uv": [ 58.5, 23.0, 61.0, 29.0 ] },
								"west": { "texture": "#skin", "uv": [ 61.5, 23.0, 64.0, 29.0 ] },
								"up": { "texture": "#skin", "uv": [ 53.0, 20.0, 55.5, 22.5 ] },
								"down": { "texture": "#skin", "uv": [ 56.0, 20.0, 58.5, 22.5 ] }
							}
						}
					]
				},
				{
					"name": "left leg69",
					"from": [ 1.8, -2.0, 5.3 ], 
					"to": [ 3.3, 5.0, 6.8 ], 
					"rotationOrigin": [ 2.5, 3.0, 6.1 ],
					"rotationZ": 4.999999821399809,
					"faces": {
						"north": { "texture": "#BonelIGHT", "uv": [ 8.375, 3.0625, 9.875, 10.0625 ] },
						"east": { "texture": "#BonelIGHT", "uv": [ 6.5625, 2.5313, 8.0625, 9.5313 ] },
						"south": { "texture": "#BonelIGHT", "uv": [ 5.7813, 2.125, 7.2813, 9.125 ] },
						"west": { "texture": "#BonelIGHT", "uv": [ 7.4063, 5.4375, 8.9063, 12.4375 ] },
						"up": { "texture": "#BonelIGHT", "uv": [ 8.2188, 3.4688, 9.7188, 4.9688 ] },
						"down": { "texture": "#BonelIGHT", "uv": [ 6.5938, 8.9688, 8.0938, 10.4688 ] }
					},
					"children": [
						{
							"name": "left leg end70",
							"from": [ 0.1, -4.0, 0.1 ], 
							"to": [ 1.3, 1.0, 1.3 ], 
							"rotationOrigin": [ 0.6, 0.0, 0.7 ],
							"rotationZ": -5.0,
							"faces": {
								"north": { "texture": "#BonelIGHT", "uv": [ 8.0, 5.625, 9.1875, 10.625 ] },
								"east": { "texture": "#BonelIGHT", "uv": [ 3.9375, 4.875, 5.125, 9.875 ] },
								"south": { "texture": "#BonelIGHT", "uv": [ 5.8125, 5.75, 7.0, 10.75 ] },
								"west": { "texture": "#BonelIGHT", "uv": [ 4.3438, 2.1563, 5.5313, 7.1563 ] },
								"up": { "texture": "#BonelIGHT", "uv": [ 6.5313, 8.6563, 7.7188, 9.8438 ] },
								"down": { "texture": "#BonelIGHT", "uv": [ 1.5313, 6.7813, 2.7188, 7.9688 ] }
							},
							"children": [
								{
									"name": "Cube65",
									"from": [ -1.2, -1.0, -0.4 ], 
									"to": [ 1.6, 0.2, 1.6 ], 
									"rotationOrigin": [ 0.8, 0.2, 0.6 ],
									"faces": {
										"north": { "texture": "#wolf9", "uv": [ 0.0, 0.0, 2.7813, 1.1875 ] },
										"east": { "texture": "#wolf9", "uv": [ 0.0, 0.0, 2.0, 1.1875 ] },
										"south": { "texture": "#wolf9", "uv": [ 0.0, 0.0, 2.7813, 1.1875 ] },
										"west": { "texture": "#wolf9", "uv": [ 0.0, 0.0, 2.0, 1.1875 ] },
										"up": { "texture": "#wolf9", "uv": [ 0.0, 0.0, 2.7813, 2.0 ] },
										"down": { "texture": "#wolf9", "uv": [ 0.0, 0.0, 2.7813, 2.0 ] }
									}
								}
							]
						}
					]
				}
			]
		}
	],
	"animations": [
		{
			"name": "Walk",
			"code": "walk",
			"quantityframes": 40,
			"onActivityStopped": "EaseOut",
			"onAnimationEnd": "Repeat",
			"keyframes": [

			]
		},

		{
			"name": "Sniff",
			"code": "sniff",
			"quantityframes": 120,
			"onActivityStopped": "PlayTillEnd",
			"onAnimationEnd": "Stop",
			"keyframes": [

			]
		},

		{
			"name": "Attack",
			"code": "attack",
			"quantityframes": 55,
			"onActivityStopped": "PlayTillEnd",
			"onAnimationEnd": "Stop",
			"keyframes": [

			]
		},

		{
			"name": "Death",
			"code": "death",
			"quantityframes": 45,
			"onActivityStopped": "PlayTillEnd",
			"onAnimationEnd": "Hold",
			"keyframes": [

			]
		},

		{
			"name": "Run",
			"code": "run",
			"quantityframes": 52,
			"onActivityStopped": "EaseOut",
			"onAnimationEnd": "Repeat",
			"keyframes": [

			]
		},

		{
			"name": "Howl",
			"code": "howl",
			"quantityframes": 70,
			"onActivityStopped": "PlayTillEnd",
			"onAnimationEnd": "Stop",
			"keyframes": [

			]
		},

		{
			"name": "Hurt",
			"code": "hurt",
			"quantityframes": 25,
			"onActivityStopped": "PlayTillEnd",
			"onAnimationEnd": "Stop",
			"keyframes": [

			]
		},

		{
			"name": "Idle",
			"code": "idle",
			"quantityframes": 30,
			"onActivityStopped": "EaseOut",
			"onAnimationEnd": "Repeat",
			"keyframes": [

			]
		},

		{
			"name": "Sit",
			"code": "sit",
			"quantityframes": 30,
			"onActivityStopped": "EaseOut",
			"onAnimationEnd": "Repeat",
			"keyframes": [

			]
		},

		{
			"name": "Lie",
			"code": "lie",
			"quantityframes": 30,
			"onActivityStopped": "EaseOut",
			"onAnimationEnd": "Repeat",
			"keyframes": [

			]
		},

		{
			"name": "Sleep",
			"code": "sleep",
			"quantityframes": 30,
			"onActivityStopped": "EaseOut",
			"onAnimationEnd": "Repeat",
			"keyframes": [

			]
		},

		{
			"name": "Eat",
			"code": "eat",
			"quantityframes": 50,
			"onActivityStopped": "EaseOut",
			"onAnimationEnd": "Stop",
			"keyframes": [

			]
		}
	]
}